{"stats":{"minecraft:mined":{"minecraft:tall_grass":3,"minecraft:grass":18,"minecraft:grass_block":1},"minecraft:picked_up":{"minecraft:wheat_seeds":3,"minecraft:dirt":1},"minecraft:custom":{"minecraft:jump":52,"minecraft:time_since_rest":2348,"minecraft:sprint_one_cm":6760,"minecraft:play_time":2348,"minecraft:time_since_death":2348,"minecraft:walk_one_cm":1203,"minecraft:total_world_time":2348,"minecraft:drop":2,"minecraft:fall_one_cm":2150,"minecraft:fly_one_cm":13977},"minecraft:dropped":{"minecraft:wheat_seeds":2}},"DataVersion":2975}